Date,OTEX
6/19/2014,24.14
6/20/2014,23.71
6/23/2014,23.93
6/24/2014,23.7
6/25/2014,23.41
6/26/2014,23.73
6/27/2014,23.91
6/30/2014,23.97
7/1/2014,24.51
7/2/2014,24.44
7/3/2014,24.38
7/7/2014,23.97
7/8/2014,23.96
7/9/2014,24.16
7/10/2014,24.05
7/11/2014,23.63
7/14/2014,23.65
7/15/2014,23.5
7/16/2014,23.67
7/17/2014,23.63
7/18/2014,23.86
7/21/2014,23.86
7/22/2014,23.95
7/23/2014,23.84
7/24/2014,23.82
7/25/2014,23.69
7/28/2014,23.83
7/29/2014,23.75
7/30/2014,24.22
7/31/2014,27.83
8/1/2014,27.49
8/4/2014,27.35
8/5/2014,27.17
8/6/2014,27.5
8/7/2014,27.34
8/8/2014,27.2
8/11/2014,27.7
8/12/2014,27.68
8/13/2014,28
8/14/2014,28.17
8/15/2014,27.55
8/18/2014,27.93
8/19/2014,27.7
8/20/2014,27.71
8/21/2014,27.86
8/22/2014,28.34
8/25/2014,28
8/26/2014,28.06
8/27/2014,28.35
8/28/2014,28.25
8/29/2014,28.12
9/2/2014,28.22
9/3/2014,28.88
9/4/2014,28.65
9/5/2014,28.65
9/8/2014,28.54
9/9/2014,28.49
9/10/2014,28.56
9/11/2014,28.59
9/12/2014,28.87
9/15/2014,28.8
9/16/2014,29.12
9/17/2014,28.75
9/18/2014,28.86
9/19/2014,28.16
9/22/2014,28.19
9/23/2014,27.91
9/24/2014,27.87
9/25/2014,27.41
9/26/2014,27.53
9/29/2014,27.57
9/30/2014,27.71
10/1/2014,27.47
10/2/2014,27.45
10/3/2014,27.66
10/6/2014,28.01
10/7/2014,27.83
10/8/2014,28.37
10/9/2014,28.16
10/10/2014,27.08
10/13/2014,26.51
10/14/2014,26.59
10/15/2014,26.6
10/16/2014,26.43
10/17/2014,27.05
10/20/2014,27.42
10/21/2014,27.69
10/22/2014,27.12
10/23/2014,25.58
10/24/2014,26.62
10/27/2014,26.59
10/28/2014,27.14
10/29/2014,26.98
10/30/2014,27.14
10/31/2014,27.56
11/3/2014,27.85
11/4/2014,28.2
11/5/2014,28.6
11/6/2014,28.82
11/7/2014,29
11/10/2014,29.37
11/11/2014,29.41
11/12/2014,29.11
11/13/2014,29.15
11/14/2014,29.55
11/17/2014,29.77
11/18/2014,29.93
11/19/2014,29.12
11/20/2014,28.9
11/21/2014,28.77
11/24/2014,28.59
11/25/2014,28.93
11/26/2014,29.37
11/28/2014,29.56
12/1/2014,29.55
12/2/2014,28.88
12/3/2014,29.62
12/4/2014,29.14
12/5/2014,29.75
12/8/2014,29.45
12/9/2014,29.59
12/10/2014,28.31
12/11/2014,28.53
12/12/2014,28.08
12/15/2014,28.31
12/16/2014,28.02
12/17/2014,28.31
12/18/2014,28.53
12/19/2014,28.96
12/22/2014,29.02
12/23/2014,29.59
12/24/2014,29.41
12/26/2014,29.47
12/29/2014,29.23
12/30/2014,29.46
12/31/2014,29.13
1/2/2015,29.06
1/5/2015,28.58
1/6/2015,27.67
1/7/2015,28.1
1/8/2015,28.5
1/9/2015,28.47
1/12/2015,28.02
1/13/2015,28.64
1/14/2015,28.33
1/15/2015,28.64
1/16/2015,29.18
1/20/2015,29.31
1/21/2015,29.14
1/22/2015,29.2
1/23/2015,29.3
1/26/2015,29.39
1/27/2015,29.8
1/28/2015,27.09
1/29/2015,27.93
1/30/2015,28.34
2/2/2015,27.92
2/3/2015,28.45
2/4/2015,28.27
2/5/2015,29.48
2/6/2015,28.94
2/9/2015,29.27
2/10/2015,29.5
2/11/2015,29.83
2/12/2015,30.1
2/13/2015,30.6
2/17/2015,30.31
2/18/2015,29.81
2/19/2015,29.83
2/20/2015,29.88
2/23/2015,29.72
2/24/2015,29.12
2/25/2015,29.37
2/26/2015,29.59
2/27/2015,29.11
3/2/2015,29.26
3/3/2015,29.06
3/4/2015,28.95
3/5/2015,28.79
3/6/2015,28.38
3/9/2015,28.75
3/10/2015,27.25
3/11/2015,26.84
3/12/2015,27.67
3/13/2015,27.33
3/16/2015,27.57
3/17/2015,27.83
3/18/2015,28.19
3/19/2015,27.93
3/20/2015,28.29
3/23/2015,28.24
3/24/2015,27.97
3/25/2015,27.1
3/26/2015,26.9
3/27/2015,26.55
3/30/2015,26.49
3/31/2015,26.45
4/1/2015,26.97
4/2/2015,26.78
4/6/2015,26.87
4/7/2015,27.68
4/8/2015,27.68
4/9/2015,27.76
4/10/2015,28
4/13/2015,28.23
4/14/2015,28.27
4/15/2015,29.06
4/16/2015,29.17
4/17/2015,28.61
4/20/2015,28.41
4/21/2015,28.76
4/22/2015,28.62
4/23/2015,28.71
4/24/2015,27.92
4/27/2015,28
4/28/2015,27.7
4/29/2015,25.97
4/30/2015,25.29
5/1/2015,25.21
5/4/2015,25.31
5/5/2015,25.01
5/6/2015,24.89
5/7/2015,24.64
5/8/2015,24.62
5/11/2015,24.29
5/12/2015,24.13
5/13/2015,24.03
5/14/2015,24.08
5/15/2015,24.41
5/18/2015,24.2
5/19/2015,24.1
5/20/2015,24.5
5/21/2015,21.23
5/22/2015,21.52
5/26/2015,21.38
5/27/2015,21.22
5/28/2015,21.27
5/29/2015,21.22
6/1/2015,21.1
6/2/2015,21.17
6/3/2015,21.21
6/4/2015,21.06
6/5/2015,21.2
6/8/2015,21.25
6/9/2015,21.22
6/10/2015,21.32
6/11/2015,21.35
6/12/2015,21.34
6/15/2015,21.37
6/16/2015,21.37
6/17/2015,21.3
6/18/2015,21.32
6/19/2015,21.02
6/22/2015,20.94
6/23/2015,20.91
6/24/2015,20.76
6/25/2015,20.57
6/26/2015,20.4
6/29/2015,20.06
6/30/2015,20.27
7/1/2015,20.3
7/2/2015,20.31
7/6/2015,19.79
7/7/2015,19.87
7/8/2015,19.57
7/9/2015,19.58
7/10/2015,19.57
7/13/2015,19.59
7/14/2015,19.59
7/15/2015,19.33
7/16/2015,19.47
7/17/2015,19.3
7/20/2015,19.2
7/21/2015,19.01
7/22/2015,19.04
7/23/2015,19.01
7/24/2015,18.7
7/27/2015,18.45
7/28/2015,18.59
7/29/2015,18.82
7/30/2015,22.87
7/31/2015,22.76
8/3/2015,22.83
8/4/2015,23.01
8/5/2015,22.91
8/6/2015,22.86
8/7/2015,22.98
8/10/2015,23.17
8/11/2015,22.88
8/12/2015,22.86
8/13/2015,22.96
8/14/2015,22.94
8/17/2015,22.93
8/18/2015,22.98
8/19/2015,22.79
8/20/2015,22.34
8/21/2015,21.94
8/24/2015,21.23
8/25/2015,21.55
8/26/2015,22.25
8/27/2015,22.63
8/28/2015,22.54
8/31/2015,22.66
9/1/2015,22.62
9/2/2015,22.62
9/3/2015,22.77
9/4/2015,22.64
9/8/2015,22.87
9/9/2015,22.47
9/10/2015,22.53
9/11/2015,22.58
9/14/2015,22.55
9/15/2015,23.16
9/16/2015,23.41
9/17/2015,23.33
9/18/2015,23.11
9/21/2015,23.22
9/22/2015,22.63
9/23/2015,22.56
9/24/2015,22.41
9/25/2015,22.36
9/28/2015,22.02
9/29/2015,22.07
9/30/2015,22.38
10/1/2015,22.7
10/2/2015,22.51
10/5/2015,22.93
10/6/2015,22.86
10/7/2015,23.05
10/8/2015,23.19
10/9/2015,23.47
10/12/2015,23.52
10/13/2015,23.5
10/14/2015,23.47
10/15/2015,23.63
10/16/2015,23.71
10/19/2015,23.77
10/20/2015,23.59
10/21/2015,23.19
10/22/2015,23.56
10/23/2015,23.58
10/26/2015,23.19
10/27/2015,22.56
10/28/2015,22.74
10/29/2015,22.68
10/30/2015,23.2
11/2/2015,23.43
11/3/2015,23.75
11/4/2015,23.61
11/5/2015,23.64
11/6/2015,23.25
11/9/2015,22.6
11/10/2015,22.61
11/11/2015,22.42
11/12/2015,22.57
11/13/2015,22.47
11/16/2015,22.91
11/17/2015,23
11/18/2015,23.61
11/19/2015,23.88
11/20/2015,23.88
11/23/2015,23.83
11/24/2015,23.81
11/25/2015,24.06
11/27/2015,24.13
11/30/2015,24.23
12/1/2015,24.61
12/2/2015,24.49
12/3/2015,24.25
12/4/2015,24.49
12/7/2015,24.07
12/8/2015,23.92
12/9/2015,23.68
12/10/2015,23.87
12/11/2015,23.63
12/14/2015,23.3
12/15/2015,23.74
12/16/2015,23.92
12/17/2015,23.85
12/18/2015,23.84
12/21/2015,23.9
12/22/2015,24.34
12/23/2015,24.51
12/24/2015,24.49
12/28/2015,24.2
12/29/2015,24.7
12/30/2015,24.34
12/31/2015,23.97
1/4/2016,23.83
1/5/2016,23.59
1/6/2016,23.38
1/7/2016,22.66
1/8/2016,22.7
1/11/2016,22.57
1/12/2016,22.82
1/13/2016,22.51
1/14/2016,22.99
1/15/2016,22.86
1/19/2016,22.83
1/20/2016,22.41
1/21/2016,22.84
1/22/2016,23.26
1/25/2016,23.36
1/26/2016,23.93
1/27/2016,24.34
1/28/2016,24.27
1/29/2016,24.43
2/1/2016,24.49
2/2/2016,23.85
2/3/2016,23.78
2/4/2016,23.6
2/5/2016,22.62
2/8/2016,21.94
2/9/2016,21.43
2/10/2016,23.51
2/11/2016,23.38
2/12/2016,23.93
2/16/2016,24.18
2/17/2016,25.27
2/18/2016,24.67
2/19/2016,24.71
2/22/2016,25.08
2/23/2016,24.47
2/24/2016,24.45
2/25/2016,24.69
2/26/2016,24.73
2/29/2016,24.87
3/1/2016,25.25
3/2/2016,25.28
3/3/2016,25.02
3/4/2016,24.69
3/7/2016,24.68
3/8/2016,24.55
3/9/2016,24.5
3/10/2016,24.33
3/11/2016,24.77
3/14/2016,24.5
3/15/2016,24.06
3/16/2016,24.95
3/17/2016,25.11
3/18/2016,24.66
3/21/2016,24.74
3/22/2016,24.92
3/23/2016,24.8
3/24/2016,24.87
3/28/2016,24.93
3/29/2016,25.59
3/30/2016,26.12
3/31/2016,25.9
4/1/2016,25.87
4/4/2016,26.27
4/5/2016,26.51
4/6/2016,27.05
4/7/2016,26.25
4/8/2016,26.38
4/11/2016,26.77
4/12/2016,26.63
4/13/2016,26.96
4/14/2016,27.14
4/15/2016,27.01
4/18/2016,27.3
4/19/2016,27.71
4/20/2016,27.78
4/21/2016,27.68
4/22/2016,27.79
4/25/2016,27.34
4/26/2016,27.21
4/27/2016,27.08
4/28/2016,28
4/29/2016,27.96
5/2/2016,27.86
5/3/2016,26.99
5/4/2016,27.02
5/5/2016,27.26
5/6/2016,27.26
5/9/2016,27.15
5/10/2016,27.67
5/11/2016,27.72
5/12/2016,27.94
5/13/2016,27.84
5/16/2016,28.09
5/17/2016,27.79
5/18/2016,27.84
5/19/2016,27.82
5/20/2016,28.2
5/23/2016,27.96
5/24/2016,28.17
5/25/2016,28.94
5/26/2016,29.15
5/27/2016,29.13
5/31/2016,29.34
6/1/2016,29.69
6/2/2016,29.81
6/3/2016,30.07
6/6/2016,30.21
6/7/2016,30.19
6/8/2016,30.49
6/9/2016,30.48
6/10/2016,29.98
6/13/2016,29.86
6/14/2016,29.62
6/15/2016,29.47
6/16/2016,29.29
6/17/2016,29.25
6/20/2016,30.15
6/21/2016,30.63
6/22/2016,30.58
6/23/2016,30.84
6/24/2016,29.31
6/27/2016,28.67
6/28/2016,28.98
6/29/2016,29.3
6/30/2016,29.58
7/1/2016,29.48
7/5/2016,29.15
7/6/2016,29.29
7/7/2016,29.15
7/8/2016,29.47
7/11/2016,29.37
7/12/2016,29.81
7/13/2016,30
7/14/2016,30.24
7/15/2016,30.04
7/18/2016,30.02
7/19/2016,30.76
7/20/2016,31.2
7/21/2016,30.75
7/22/2016,30.66
7/25/2016,31.17
7/26/2016,31.19
7/27/2016,31.4
7/28/2016,29.75
7/29/2016,30.47
8/1/2016,30.71
8/2/2016,30.24
8/3/2016,30.74
8/4/2016,30.92
8/5/2016,31.05
8/8/2016,31.29
8/9/2016,31.63
8/10/2016,31.27
8/11/2016,31.68
8/12/2016,31.59
8/15/2016,31.4
8/16/2016,31.36
8/17/2016,31.14
8/18/2016,31.35
8/19/2016,31.36
8/22/2016,31.19
8/23/2016,31.44
8/24/2016,31.01
8/25/2016,31.22
8/26/2016,31.4
8/29/2016,31.29
8/30/2016,31.2
8/31/2016,31.41
9/1/2016,31.57
9/2/2016,31.91
9/6/2016,31.84
9/7/2016,31.83
9/8/2016,31.72
9/9/2016,29.89
9/12/2016,32.58
9/13/2016,32.31
9/14/2016,32.65
9/15/2016,32.67
9/16/2016,32.39
9/19/2016,32.5
9/20/2016,32.71
9/21/2016,33.09
9/22/2016,33.27
9/23/2016,32.86
9/26/2016,32.63
9/27/2016,32.67
9/28/2016,32.5
9/29/2016,32.44
9/30/2016,32.43
10/3/2016,32.32
10/4/2016,32.44
10/5/2016,32.49
10/6/2016,32.57
10/7/2016,32.31
10/10/2016,32.23
10/11/2016,31.9
10/12/2016,31.91
10/13/2016,31.9
10/14/2016,32.08
10/17/2016,32.08
10/18/2016,32.2
10/19/2016,32.23
10/20/2016,32.2
10/21/2016,32.17
10/24/2016,32.26
10/25/2016,31.76
10/26/2016,31.1
10/27/2016,30.91
10/28/2016,30.87
10/31/2016,31.04
11/1/2016,30.67
11/2/2016,30.22
11/3/2016,30.36
11/4/2016,30.37
11/7/2016,30.74
11/8/2016,31.44
11/9/2016,31.06
11/10/2016,30.82
11/11/2016,30.39
11/14/2016,29.52
11/15/2016,30.02
11/16/2016,30.53
11/17/2016,30.81
11/18/2016,30.74
11/21/2016,30.58
11/22/2016,30.93
11/23/2016,31.46
11/25/2016,31.17
11/28/2016,31.34
11/29/2016,31.71
11/30/2016,31.78
12/1/2016,31.16
12/2/2016,31.17
12/5/2016,30.97
12/6/2016,30.67
12/7/2016,30.86
12/8/2016,30.72
12/9/2016,30.57
12/12/2016,30.64
12/13/2016,31.03
12/14/2016,30.51
12/15/2016,30.36
12/16/2016,30.25
12/19/2016,30.64
12/20/2016,30.93
12/21/2016,31.02
12/22/2016,30.68
12/23/2016,30.73
12/27/2016,30.76
12/28/2016,30.76
12/29/2016,31.03
12/30/2016,30.91
1/3/2017,30.76
1/4/2017,31.27
1/5/2017,31.42
1/6/2017,31.3
1/9/2017,31.11
1/10/2017,31.55
1/11/2017,31.91
1/12/2017,32.08
1/13/2017,32.1
1/17/2017,32.17
1/18/2017,31.66
1/19/2017,31.27
1/20/2017,31.7
1/23/2017,31.81
1/24/2017,33.02
1/25/2017,34.27
1/26/2017,34.78
1/27/2017,34.79
1/30/2017,34.07
1/31/2017,34.27
2/1/2017,33.75
2/2/2017,33.3
2/3/2017,33.42
2/6/2017,33.3
2/7/2017,33.03
2/8/2017,32.96
2/9/2017,33.13
2/10/2017,33.55
2/13/2017,33.67
2/14/2017,33.78
2/15/2017,34.02
2/16/2017,33.96
2/17/2017,33.54
2/21/2017,33.65
2/22/2017,33.83
2/23/2017,33.76
2/24/2017,33.48
2/27/2017,33.5
2/28/2017,32.98
3/1/2017,33.17
3/2/2017,33.22
3/3/2017,33.2
3/6/2017,33.35
3/7/2017,33.25
3/8/2017,33.12
3/9/2017,33.32
3/10/2017,33.61
3/13/2017,34.06
3/14/2017,33.94
3/15/2017,34.6
3/16/2017,34.56
3/17/2017,34.47
3/20/2017,34.08
3/21/2017,33.62
3/22/2017,33.78
3/23/2017,33.9
3/24/2017,34
3/27/2017,33.93
3/28/2017,34
3/29/2017,34
3/30/2017,34.06
3/31/2017,34.01
4/3/2017,34.09
4/4/2017,33.89
4/5/2017,33.21
4/6/2017,33.29
4/7/2017,33
4/10/2017,33.39
4/11/2017,33.37
4/12/2017,33.55
4/13/2017,33.31
4/17/2017,33.76
4/18/2017,33.73
4/19/2017,33.81
4/20/2017,34.07
4/21/2017,33.96
4/24/2017,34.39
4/25/2017,34.89
4/26/2017,34.51
4/27/2017,34.58
4/28/2017,34.68
5/1/2017,34.77
5/2/2017,34.74
5/3/2017,34.56
5/4/2017,34.5
5/5/2017,34.82
5/8/2017,34.83
5/9/2017,32.86
5/10/2017,32.86
5/11/2017,32.71
5/12/2017,32.16
5/15/2017,32.48
5/16/2017,32.51
5/17/2017,31.73
5/18/2017,31.77
5/19/2017,32.25
5/22/2017,32.53
5/23/2017,32.34
5/24/2017,32.42
5/25/2017,32.51
5/26/2017,32.55
5/30/2017,32.27
5/31/2017,32.63
6/1/2017,32.76
6/2/2017,32.75
6/5/2017,32.79
6/6/2017,32.7
6/7/2017,32.48
6/8/2017,32.88
6/9/2017,32.69
6/12/2017,32.42
6/13/2017,32.54
6/14/2017,32.08
6/15/2017,31.49
6/16/2017,31.37
6/19/2017,32.4
6/20/2017,32.22
6/21/2017,32.14
6/22/2017,32.4
6/23/2017,32.06
6/26/2017,31.7
6/27/2017,31.32
6/28/2017,31.42
6/29/2017,31.1
6/30/2017,31.54
7/3/2017,31.08
7/5/2017,31.15
7/6/2017,31.02
7/7/2017,31.38
7/10/2017,31.46
7/11/2017,31.57
7/12/2017,32.2
7/13/2017,32.98
7/14/2017,32.97
7/17/2017,32.82
7/18/2017,32.82
7/19/2017,32.98
7/20/2017,33.08
7/21/2017,33.06
7/24/2017,33.16
7/25/2017,33.34
7/26/2017,34.42
7/27/2017,33.89
7/28/2017,33.72
7/31/2017,33.5
8/1/2017,33.8
8/2/2017,33.46
8/3/2017,33.38
8/4/2017,34.49
8/7/2017,33.72
8/8/2017,32.82
8/9/2017,32.33
8/10/2017,31.77
8/11/2017,31.91
8/14/2017,31.97
8/15/2017,32.07
8/16/2017,32.48
8/17/2017,32.15
8/18/2017,31.95
8/21/2017,32.09
8/22/2017,32.39
8/23/2017,32.09
8/24/2017,31.88
8/25/2017,31.95
8/28/2017,31.86
8/29/2017,31.64
8/30/2017,31.6
8/31/2017,32.24
9/1/2017,32.36
9/5/2017,31.84
9/6/2017,32.01
9/7/2017,32.12
9/8/2017,32.07
9/11/2017,32.33
9/12/2017,32.28
9/13/2017,32.27
9/14/2017,32.27
9/15/2017,32.24
9/18/2017,32.14
9/19/2017,31.98
9/20/2017,31.66
9/21/2017,31.79
9/22/2017,32.07
9/25/2017,31.75
9/26/2017,31.43
9/27/2017,31.63
9/28/2017,31.86
9/29/2017,32.29
10/2/2017,32.5
10/3/2017,32.31
10/4/2017,32.85
10/5/2017,33.13
10/6/2017,33.25
10/9/2017,33.36
10/10/2017,33.45
10/11/2017,33.65
10/12/2017,33.42
10/13/2017,33.68
10/16/2017,33.67
10/17/2017,33.7
10/18/2017,33.83
10/19/2017,33.86
10/20/2017,33.79
10/23/2017,33.89
10/24/2017,34.09
10/25/2017,33.96
10/26/2017,34.38
10/27/2017,34.72
10/30/2017,34.94
10/31/2017,34.98
11/1/2017,34.26
11/2/2017,34.2
11/3/2017,34.48
11/6/2017,34.25
11/7/2017,33.73
11/8/2017,33.4
11/9/2017,32.83
11/10/2017,33.42
11/13/2017,33.41
11/14/2017,33.23
11/15/2017,33.18
11/16/2017,33.1
11/17/2017,33.06
11/20/2017,33.53
11/21/2017,33.91
11/22/2017,33.02
11/24/2017,33.02
11/27/2017,33.1
11/28/2017,33.06
11/29/2017,32.63
11/30/2017,32.61
12/1/2017,32.47
12/4/2017,32.27
12/5/2017,32.45
12/6/2017,32.18
12/7/2017,32.34
12/8/2017,32.53
12/11/2017,32.9
12/12/2017,32.6
12/13/2017,32.71
12/14/2017,32.89
12/15/2017,32.79
12/18/2017,32.69
12/19/2017,32.71
12/20/2017,32.73
12/21/2017,32.71
12/22/2017,32.76
12/26/2017,33.03
12/27/2017,33.01
12/28/2017,35.52
12/29/2017,35.67
1/2/2018,34.81
1/3/2018,34.38
1/4/2018,34.35
1/5/2018,34.31
1/8/2018,33.97
1/9/2018,33.83
1/10/2018,33.5
1/11/2018,33.79
1/12/2018,33.81
1/16/2018,33.6
1/17/2018,33.7
1/18/2018,33.7
1/19/2018,33.66
1/22/2018,33.76
1/23/2018,34.08
1/24/2018,34.35
1/25/2018,33.88
1/26/2018,34.21
1/29/2018,34.17
1/30/2018,34.11
1/31/2018,34.25
2/1/2018,38.6
2/2/2018,36.5
2/5/2018,35.87
2/6/2018,35.55
2/7/2018,35.02
2/8/2018,34.31
2/9/2018,34.43
2/12/2018,34.7
2/13/2018,34.7
2/14/2018,35.48
2/15/2018,35.35
2/16/2018,35.11
2/20/2018,34.97
2/21/2018,34.69
2/22/2018,34.55
2/23/2018,35.41
2/26/2018,35.72
2/27/2018,35.5
2/28/2018,35.08
3/1/2018,34.68
3/2/2018,34.84
3/5/2018,34.98
3/6/2018,35.15
3/7/2018,35.49
3/8/2018,36.08
3/9/2018,36.22
3/12/2018,36.39
3/13/2018,36.24
3/14/2018,36.46
3/15/2018,36.24
3/16/2018,36.31
3/19/2018,35.62
3/20/2018,35.44
3/21/2018,35.73
3/22/2018,34.71
3/23/2018,34.24
3/26/2018,34.64
3/27/2018,34.06
3/28/2018,34.04
3/29/2018,34.8
4/2/2018,33.96
4/3/2018,34.34
4/4/2018,34.45
4/5/2018,34.36
4/6/2018,34.16
4/9/2018,34.54
4/10/2018,34.64
4/11/2018,34.19
4/12/2018,34.45
4/13/2018,34.18
4/16/2018,34.55
4/17/2018,35.86
4/18/2018,35.79
4/19/2018,35.42
4/20/2018,35.3
4/23/2018,35.19
4/24/2018,34.93
4/25/2018,35.04
4/26/2018,35.52
4/27/2018,35.53
4/30/2018,35.33
5/1/2018,35.83
5/2/2018,36.11
5/3/2018,35.93
5/4/2018,36.18
5/7/2018,36.57
5/8/2018,36.37
5/9/2018,36.59
5/10/2018,34.71
5/11/2018,34.84
5/14/2018,34.64
5/15/2018,34.05
5/16/2018,34.13
5/17/2018,33.99
5/18/2018,34
5/21/2018,34.09
5/22/2018,34.19
5/23/2018,34.43
5/24/2018,34.65
5/25/2018,34.73
5/29/2018,34.23
5/30/2018,34.8
5/31/2018,34.87
6/1/2018,35.31
6/4/2018,35.32
6/5/2018,35.52
6/6/2018,35.66
6/7/2018,35.41
6/8/2018,35.67
6/11/2018,35.83
6/12/2018,36.13
6/13/2018,36.32
6/14/2018,35.97
6/15/2018,35.92
6/18/2018,35.66
6/19/2018,35.47
6/20/2018,35.96
6/21/2018,35.72
6/22/2018,35.78
6/25/2018,34.81
6/26/2018,34.92
6/27/2018,34.56
6/28/2018,34.96
6/29/2018,35.19
7/2/2018,35.51
7/3/2018,35.59
7/5/2018,36.05
7/6/2018,36.44
7/9/2018,36.96
7/10/2018,37.16
7/11/2018,36.85
7/12/2018,37.76
7/13/2018,37.92
7/16/2018,38.07
7/17/2018,37.43
7/18/2018,37.72
7/19/2018,37.68
7/20/2018,37.91
7/23/2018,37.69
7/24/2018,37.55
7/25/2018,37.97
7/26/2018,38.42
7/27/2018,37.83
7/30/2018,36.96
7/31/2018,37.2
8/1/2018,37.37
8/2/2018,37.76
8/3/2018,39.27
8/6/2018,38.93
8/7/2018,38.66
8/8/2018,39.28
8/9/2018,39.32
8/10/2018,38.98
8/13/2018,39
8/14/2018,39.34
8/15/2018,38.67
8/16/2018,38.78
8/17/2018,38.83
8/20/2018,38.71
8/21/2018,38.52
8/22/2018,38.44
8/23/2018,38.83
8/24/2018,38.94
8/27/2018,38.93
8/28/2018,38.98
8/29/2018,39.33
8/30/2018,39.73
8/31/2018,39.25
9/4/2018,39.36
9/5/2018,38.9
9/6/2018,38.49
9/7/2018,38.37
9/10/2018,38.44
9/11/2018,38.43
9/12/2018,38.32
9/13/2018,38.31
9/14/2018,38.62
9/17/2018,38.16
9/18/2018,38.21
9/19/2018,38.18
9/20/2018,38.51
9/21/2018,38.17
9/24/2018,37.99
9/25/2018,37.98
9/26/2018,37.91
9/27/2018,38.49
9/28/2018,38.04
10/1/2018,37.77
10/2/2018,37.21
10/3/2018,37.13
10/4/2018,36.58
10/5/2018,36.22
10/8/2018,35.9
10/9/2018,35.59
10/10/2018,34.17
10/11/2018,33.97
10/12/2018,34.78
10/15/2018,34.12
10/16/2018,35.01
10/17/2018,34.87
10/18/2018,34.33
10/19/2018,33.99
10/22/2018,34.35
10/23/2018,34.38
10/24/2018,33.56
10/25/2018,33.71
10/26/2018,33.11
10/29/2018,32.73
10/30/2018,33.27
10/31/2018,33.8
11/1/2018,33.97
11/2/2018,33.16
11/5/2018,32.96
11/6/2018,33.1
11/7/2018,33.71
11/8/2018,33.35
11/9/2018,33.05
11/12/2018,32.44
11/13/2018,32.95
11/14/2018,32.73
11/15/2018,32.89
11/16/2018,33.2
11/19/2018,32.52
11/20/2018,32.56
11/21/2018,33.44
11/23/2018,33.5
11/26/2018,34.12
11/27/2018,34.09
11/28/2018,34.59
11/29/2018,34
11/30/2018,34.31
12/3/2018,34.58
12/4/2018,34.23
12/6/2018,33.43
12/7/2018,33.06
12/10/2018,33.35
12/11/2018,33.49
12/12/2018,34.04
12/13/2018,33.88
12/14/2018,32.74
12/17/2018,32.01
12/18/2018,33.31
12/19/2018,32.97
12/20/2018,32.64
12/21/2018,31.44
12/24/2018,31.44
12/26/2018,32.61
12/27/2018,32.66
12/28/2018,32.44
12/31/2018,32.6
1/2/2019,32.43
1/3/2019,31.45
1/4/2019,32.21
1/7/2019,32.76
1/8/2019,33.71
1/9/2019,34.18
1/10/2019,34.47
1/11/2019,34.49
1/14/2019,34.27
1/15/2019,34.41
1/16/2019,34.5
1/17/2019,34.81
1/18/2019,35.29
1/22/2019,34.78
1/23/2019,34.97
1/24/2019,35.23
1/25/2019,35.81
1/28/2019,35.5
1/29/2019,35.09
1/30/2019,35.27
1/31/2019,35.64
2/1/2019,37.24
2/4/2019,37.6
2/5/2019,37.69
2/6/2019,37.48
2/7/2019,36.94
2/8/2019,37.03
2/11/2019,36.7
2/12/2019,36.86
2/13/2019,37.06
2/14/2019,37.41
2/15/2019,37.56
2/19/2019,37.54
2/20/2019,37.68
2/21/2019,37.41
2/22/2019,37.89
2/25/2019,38.08
2/26/2019,38.2
2/27/2019,38.37
2/28/2019,37.92
3/1/2019,38.07
3/4/2019,37.86
3/5/2019,37.82
3/6/2019,37.87
3/7/2019,37.6
3/8/2019,37.57
3/11/2019,37.74
3/12/2019,38.02
3/13/2019,38
3/14/2019,37.89
3/15/2019,38.1
3/18/2019,38.15
3/19/2019,38.38
3/20/2019,37.85
3/21/2019,38.15
3/22/2019,37.44
3/25/2019,37.51
3/26/2019,37.74
3/27/2019,37.9
3/28/2019,38.48
3/29/2019,38.43
4/1/2019,38.55
4/2/2019,38.46
4/3/2019,38.67
4/4/2019,38.07
4/5/2019,38.47
4/8/2019,38.28
4/9/2019,38.57
4/10/2019,38.46
4/11/2019,38.62
4/12/2019,38.82
4/15/2019,38.61
4/16/2019,38.71
4/17/2019,38.05
4/18/2019,38.08
4/22/2019,37.94
4/23/2019,38.12
4/24/2019,38.14
4/25/2019,38.35
4/26/2019,38.42
4/29/2019,38.27
4/30/2019,38.45
5/1/2019,38.44
5/2/2019,39.75
5/3/2019,40.29
5/6/2019,40.2
5/7/2019,39.32
5/8/2019,40.24
5/9/2019,40.22
5/10/2019,40.35
5/13/2019,39.59
5/14/2019,39.72
5/15/2019,39.93
5/16/2019,40.3
5/17/2019,40.8
5/20/2019,40.43
5/21/2019,40.94
5/22/2019,41.03
5/23/2019,40.35
5/24/2019,40.47
5/28/2019,40.57
5/29/2019,39.9
5/30/2019,39.76
5/31/2019,39.72
6/3/2019,39
6/4/2019,39.59
6/5/2019,40.11
6/6/2019,40.75
6/7/2019,41.11
6/10/2019,41.28
6/11/2019,40.99
6/12/2019,41.27
6/13/2019,41.36
6/14/2019,41.26
6/17/2019,40.84
6/18/2019,41.23
6/19/2019,41.34
6/20/2019,41.57
6/21/2019,41.14
6/24/2019,41.67
6/25/2019,40.89
6/26/2019,41.03
6/27/2019,41.19
6/28/2019,41.2
7/1/2019,41.36
7/2/2019,41.88
7/3/2019,42.33
7/5/2019,42
7/8/2019,41.83
7/9/2019,42.45
7/10/2019,42.56
7/11/2019,42.95
7/12/2019,42.5
7/15/2019,42.75
7/16/2019,42.44
7/17/2019,42.52
7/18/2019,42.68
7/19/2019,42.73
7/22/2019,43.38
7/23/2019,43.22
7/24/2019,43.71
7/25/2019,43.91
7/26/2019,44.06
7/29/2019,43.7
7/30/2019,43.2
7/31/2019,42.63
8/1/2019,42.4
8/2/2019,38.76
8/5/2019,37.53
8/6/2019,37.84
8/7/2019,37.97
8/8/2019,38.55
8/9/2019,38.43
8/12/2019,38.34
8/13/2019,38.36
8/14/2019,37.55
8/15/2019,37.89
8/16/2019,38.46
8/19/2019,38.69
8/20/2019,38.59
8/21/2019,38.95
8/22/2019,39.08
8/23/2019,38.57
8/26/2019,38.49
8/27/2019,38.61
8/28/2019,38.51
8/29/2019,38.85
8/30/2019,39.09
9/3/2019,39.54
9/4/2019,40.33
9/5/2019,41.53
9/6/2019,41.51
9/9/2019,41.37
9/10/2019,40.96
9/11/2019,41.18
9/12/2019,41.25
9/13/2019,40.93
9/16/2019,40.88
9/17/2019,40.99
9/18/2019,40.86
9/19/2019,41.19
9/20/2019,41.39
9/23/2019,41.05
9/24/2019,40.63
9/25/2019,40.93
9/26/2019,40.88
9/27/2019,40.54
9/30/2019,40.81
10/1/2019,40.38
10/2/2019,39.61
10/3/2019,40
10/4/2019,40.44
10/7/2019,40.24
10/8/2019,39.88
10/9/2019,40.49
10/10/2019,40.29
10/11/2019,40.77
10/14/2019,40.64
10/15/2019,40.71
10/16/2019,40.79
10/17/2019,40.85
10/18/2019,39.34
10/21/2019,39.92
10/22/2019,39.28
10/23/2019,39.5
10/24/2019,39.88
10/25/2019,40.03
10/28/2019,40.33
10/29/2019,40.2
10/30/2019,40.36
10/31/2019,40.26
11/1/2019,41.13
11/4/2019,41.19
11/5/2019,40.98
11/6/2019,40.95
11/7/2019,41.17
11/8/2019,41.56
11/11/2019,42.54
11/12/2019,42.65
11/13/2019,43.53
11/14/2019,43.39
11/15/2019,43.46
11/18/2019,43.51
11/19/2019,43.56
11/20/2019,43.21
11/21/2019,43.15
11/22/2019,43.03
11/25/2019,43.8
11/26/2019,44.4
11/27/2019,43.91
11/29/2019,43.58
12/2/2019,43.24
12/3/2019,42.8
12/4/2019,42.75
12/5/2019,42.78
12/6/2019,42.66
12/9/2019,42.46
12/10/2019,42.5
12/11/2019,42.84
12/12/2019,43.05
12/13/2019,43.11
12/16/2019,43.8
12/17/2019,43.69
12/18/2019,43.85
12/19/2019,43.64
12/20/2019,44.59
12/23/2019,44.04
12/24/2019,43.69
12/26/2019,44.06
12/27/2019,44.06
12/30/2019,43.82
12/31/2019,44.07
1/2/2020,44.42
1/3/2020,44.2
1/6/2020,44.5
1/7/2020,44.67
1/8/2020,44.99
1/9/2020,45.99
1/10/2020,45.8
1/13/2020,45.97
1/14/2020,45.63
1/15/2020,46.45
1/16/2020,46.81
1/17/2020,46.94
1/21/2020,46.65
1/22/2020,46.76
1/23/2020,46.39
1/24/2020,46.4
1/27/2020,46.49
1/28/2020,47.07
1/29/2020,46.6
1/30/2020,46.4
1/31/2020,44.99
2/3/2020,45.58
2/4/2020,46.66
2/5/2020,46.4
2/6/2020,47.26
2/7/2020,46.5
2/10/2020,46.78
2/11/2020,46.92
2/12/2020,47.48
2/13/2020,47.18
2/14/2020,47.8
2/18/2020,47.52
2/19/2020,47.48
2/20/2020,47.29
2/21/2020,46.39
2/24/2020,44.95
2/25/2020,43.71
2/26/2020,43.69
2/27/2020,41.83
2/28/2020,41.92
3/2/2020,42.72
3/3/2020,42.01
3/4/2020,43.47
3/5/2020,42.86
3/6/2020,41.55
3/9/2020,37.65
3/10/2020,39.48
3/11/2020,37.66
3/12/2020,33.53
3/13/2020,36.82
3/16/2020,32.46
3/17/2020,33.65
3/18/2020,32.28
3/19/2020,32.16
3/20/2020,30.63
3/23/2020,29.22
3/24/2020,32.07
3/25/2020,32.54
3/26/2020,35.53
3/27/2020,32.86
3/30/2020,34.3
3/31/2020,34.92
4/1/2020,34.06
4/2/2020,34.51
4/3/2020,34
4/6/2020,36.64
4/7/2020,35.82
4/8/2020,36.43
4/9/2020,36.83
4/13/2020,35.99
4/14/2020,37.49
4/15/2020,36.77
4/16/2020,37.89
4/17/2020,39.13
4/20/2020,38.58
4/21/2020,36.28
4/22/2020,36.98
4/23/2020,36.9
4/24/2020,36.92
4/27/2020,37.07
4/28/2020,36.48
4/29/2020,37.98
4/30/2020,37.95
5/1/2020,37.84
5/4/2020,38.16
5/5/2020,38.66
5/6/2020,38.67
5/7/2020,39.09
5/8/2020,39.56
5/11/2020,39.8
5/12/2020,38.97
5/13/2020,38.11
5/14/2020,37.99
5/15/2020,38.23
5/18/2020,40.04
5/19/2020,39.73
5/20/2020,39.53
5/21/2020,39.11
5/22/2020,39.66
5/26/2020,40.59
5/27/2020,40.71
5/28/2020,40.89
5/29/2020,41.54
6/1/2020,42.09
6/2/2020,42.93
6/3/2020,43.57
6/4/2020,42.58
6/5/2020,43.14
6/8/2020,43.48
6/9/2020,43.2
6/10/2020,43.69
6/11/2020,41.19
6/12/2020,41.88
6/15/2020,41.84
6/16/2020,42.71
6/17/2020,42.54